4u32_X	4u32_X
5jb6_C	5jb6_C
5jb6_C	3wny_A
5jb6_C	5jb4_C
5jb6_C	5jb5_A
5jb6_C	5jb7_C
5nx3_D	5nx3_D
5nx3_D	5nx1_D
6bx8_H	6bx8_H
6har_E	6har_E
1aap_A	1aap_A
1aap_A	1brc_I
1aap_A	1ca0_D
1aap_A	1taw_B
1aap_A	1zjd_B
1aap_A	3l33_E
1f5r_I	1f5r_I
1f5r_I	1aal_A
1f5r_I	1b0c_A
1f5r_I	1bhc_B
1f5r_I	1bpi_A
1f5r_I	1bpt_A
1f5r_I	1bth_P
1f5r_I	1bti_A
1f5r_I	1bz5_A
1f5r_I	1bzx_I
1f5r_I	1cbw_D
1f5r_I	1d0d_B
1f5r_I	1eaw_B
1f5r_I	1ejm_B
1f5r_I	1f7z_I
1f5r_I	1fan_A
1f5r_I	1fy8_I
1f5r_I	1g6x_A
1f5r_I	1k6u_A
1f5r_I	1mtn_D
1f5r_I	1nag_A
1f5r_I	1p2i_I
1f5r_I	1p2j_I
1f5r_I	1p2k_I
1f5r_I	1p2m_B
1f5r_I	1p2n_B
1f5r_I	1p2o_B
1f5r_I	1p2q_B
1f5r_I	1qlq_A
1f5r_I	1t7c_B
1f5r_I	1t8l_B
1f5r_I	1t8m_B
1f5r_I	1t8n_B
1f5r_I	1t8o_B
1f5r_I	1tpa_I
1f5r_I	1ykt_B
1f5r_I	2fi3_I
1f5r_I	2fi4_I
1f5r_I	2fi5_I
1f5r_I	2ftl_I
1f5r_I	2ftm_B
1f5r_I	2hex_A
1f5r_I	2ijo_I
1f5r_I	2kai_I
1f5r_I	2ptc_I
1f5r_I	2r9p_I
1f5r_I	2ra3_C
1f5r_I	2tgp_I
1f5r_I	2tpi_I
1f5r_I	2zjx_A
1f5r_I	2zvx_A
1f5r_I	3btd_I
1f5r_I	3bte_I
1f5r_I	3btf_I
1f5r_I	3btg_I
1f5r_I	3bth_I
1f5r_I	3btk_I
1f5r_I	3btm_I
1f5r_I	3btq_I
1f5r_I	3btt_I
1f5r_I	3btw_I
1f5r_I	3fp6_I
1f5r_I	3fp8_I
1f5r_I	3gym_I
1f5r_I	3ldi_B
1f5r_I	3ldj_A
1f5r_I	3ldm_B
1f5r_I	3otj_I
1f5r_I	3p92_E
1f5r_I	3p95_E
1f5r_I	3tgi_I
1f5r_I	3tgj_I
1f5r_I	3tgk_I
1f5r_I	3tpi_I
1f5r_I	3u1j_E
1f5r_I	4dg4_C
1f5r_I	4pti_A
1f5r_I	4tpi_I
1f5r_I	4wwy_I
1f5r_I	4wxv_I
1f5r_I	4y0y_I
1f5r_I	4y0z_I
1f5r_I	4y10_I
1f5r_I	4y11_I
1f5r_I	5pti_A
1f5r_I	5xx2_B
1f5r_I	5xx3_B
1f5r_I	5xx4_B
1f5r_I	5xx5_B
1f5r_I	5xx6_B
1f5r_I	5xx7_D
1f5r_I	5xx8_B
1f5r_I	5yvu_I
1f5r_I	5yw1_I
1f5r_I	6f1f_B
1f5r_I	6pti_A
1f5r_I	7ph1_I
1f5r_I	7pti_A
1f5r_I	7qiq_D
1f5r_I	7qir_D
1f5r_I	7qis_D
1f5r_I	7qit_D
1f5r_I	8pti_A
1f5r_I	9pti_A
1fak_I	1fak_I
1knt_A	1knt_A
1knt_A	1kth_A
1knt_A	2knt_A
1yc0_I	1yc0_I
1yld_B	1yld_B
1yld_B	1ylc_B
1zr0_B	1zr0_B
4bqd_A	4bqd_A
4dtg_K	4dtg_K
4dtg_K	1tfx_C
4isn_B	4isn_B
4isn_B	4isl_B
4isn_B	4iso_B
4u30_X	4u30_X
